sample type,analyte,sample.day,sample.month,sample.year,sample.date,stream,stream.location,original.concentration.ugL,analysis.lab,convert.concentration.ugl
nutrients,DON,14,9,2017,9/14/17,towr,flume,69.63,CAIS,69.63
nutrients,NH4,14,9,2017,9/14/17,towr,flume,9.67,CAIS,9.67
nutrients,NO3,14,9,2017,9/14/17,towr,flume,1.48,CAIS,1.48
nutrients,SRP,14,9,2017,9/14/17,towr,flume,0.8,CAIS,0.8
nutrients,DON,20,11,2017,11/20/17,towr,flume,49.03,CAIS,49.03
nutrients,DON,20,11,2017,11/20/17,ws55,flume,125.91,CAIS,125.91
nutrients,DON,20,11,2017,11/20/17,towr,seep,50.29,CAIS,50.29
nutrients,DON,20,11,2017,11/20/17,ws55,seep,62.75,CAIS,62.75
nutrients,NH4,20,11,2017,11/20/17,towr,flume,5.44,CAIS,5.44
nutrients,NH4,20,11,2017,11/20/17,ws55,flume,7.03,CAIS,7.03
nutrients,NH4,20,11,2017,11/20/17,towr,seep,2.27,CAIS,2.27
nutrients,NH4,20,11,2017,11/20/17,ws55,seep,4.07,CAIS,4.07
nutrients,NO3,20,11,2017,11/20/17,towr,flume,1.44,CAIS,1.44
nutrients,NO3,20,11,2017,11/20/17,ws55,flume,2.69,CAIS,2.69
nutrients,NO3,20,11,2017,11/20/17,towr,seep,6.85,CAIS,6.85
nutrients,NO3,20,11,2017,11/20/17,ws55,seep,1.83,CAIS,1.83
nutrients,SRP,20,11,2017,11/20/17,towr,flume,4,CAIS,4
nutrients,SRP,20,11,2017,11/20/17,ws55,flume,4.8,CAIS,4.8
nutrients,SRP,20,11,2017,11/20/17,towr,seep,2,CAIS,2
nutrients,SRP,20,11,2017,11/20/17,ws55,seep,2.3,CAIS,2.3
nutrients,DON,18,12,2017,12/18/17,ws55,flume,89.55,CAIS,89.55
nutrients,DON,18,12,2017,12/18/17,ws55,seep,61.16,CAIS,61.16
nutrients,DON,18,12,2017,12/18/17,towr,flume,170.88,CAIS,170.88
nutrients,NH4,18,12,2017,12/18/17,ws55,flume,3.83,CAIS,3.83
nutrients,NH4,18,12,2017,12/18/17,ws55,seep,1.06,CAIS,1.06
nutrients,NH4,18,12,2017,12/18/17,towr,flume,10.94,CAIS,10.94
nutrients,NH4,18,12,2017,12/18/17,towr,flume,21.23,CAIS,21.23
nutrients,NO3,18,12,2017,12/18/17,ws55,flume,11.3,CAIS,11.3
nutrients,NO3,18,12,2017,12/18/17,ws55,seep,2.71,CAIS,2.71
nutrients,NO3,18,12,2017,12/18/17,towr,flume,1.59,CAIS,1.59
nutrients,NO3,18,12,2017,12/18/17,towr,flume,8.98,CAIS,8.98
nutrients,SRP,18,12,2017,12/18/17,ws55,flume,8.2,CAIS,8.2
nutrients,SRP,18,12,2017,12/18/17,ws55,seep,6.6,CAIS,6.6
nutrients,SRP,18,12,2017,12/18/17,towr,flume,5.3,CAIS,5.3
nutrients,SRP,18,12,2017,12/18/17,towr,flume,8.08,CAIS,8.08
nutrients,DON,15,1,2018,1/15/18,towr,seep,111.84,CAIS,111.84
nutrients,DON,15,1,2018,1/15/18,towr,flume,93.85,CAIS,93.85
nutrients,DON,15,1,2018,1/15/18,ws55,seep,85.27,CAIS,85.27
nutrients,DON,15,1,2018,1/15/18,ws55,flume,147.12,CAIS,147.12
nutrients,NH4,15,1,2018,1/15/18,towr,seep,0.09,CAIS,0.09
nutrients,NH4,15,1,2018,1/15/18,towr,flume,0,CAIS,0
nutrients,NH4,15,1,2018,1/15/18,ws55,seep,2.57,CAIS,2.57
nutrients,NH4,15,1,2018,1/15/18,ws55,flume,0,CAIS,0
nutrients,NO3,15,1,2018,1/15/18,towr,seep,5.64,CAIS,5.64
nutrients,NO3,15,1,2018,1/15/18,towr,flume,3.37,CAIS,3.37
nutrients,NO3,15,1,2018,1/15/18,ws55,seep,2.57,CAIS,2.57
nutrients,NO3,15,1,2018,1/15/18,ws55,flume,5.25,CAIS,5.25
nutrients,SRP,15,1,2018,1/15/18,towr,seep,1.5,CAIS,1.5
nutrients,SRP,15,1,2018,1/15/18,towr,flume,1.6,CAIS,1.6
nutrients,SRP,15,1,2018,1/15/18,ws55,seep,0.9,CAIS,0.9
nutrients,SRP,15,1,2018,1/15/18,ws55,flume,2.7,CAIS,2.7
nutrients,DON,29,1,2018,1/29/18,towr,flume,67.45,CAIS,67.45
nutrients,DON,29,1,2018,1/29/18,ws55,seep,73.55,CAIS,73.55
nutrients,DON,29,1,2018,1/29/18,ws55,flume,83.56,CAIS,83.56
nutrients,NH4,29,1,2018,1/29/18,towr,flume,0,CAIS,0
nutrients,NH4,29,1,2018,1/29/18,ws55,seep,2.12,CAIS,2.12
nutrients,NH4,29,1,2018,1/29/18,ws55,flume,12.95,CAIS,12.95
nutrients,NO3,29,1,2018,1/29/18,towr,flume,6.03,CAIS,6.03
nutrients,NO3,29,1,2018,1/29/18,ws55,seep,13.86,CAIS,13.86
nutrients,NO3,29,1,2018,1/29/18,ws55,flume,0.73,CAIS,0.73
nutrients,SRP,29,1,2018,1/29/18,towr,flume,1.9,CAIS,1.9
nutrients,SRP,29,1,2018,1/29/18,ws55,seep,5.7,CAIS,5.7
nutrients,SRP,29,1,2018,1/29/18,ws55,flume,5.6,CAIS,5.6
nutrients,NH4,12,2,2018,2/12/18,ws55,flume,0,CAIS,0
nutrients,NH4,12,2,2018,2/12/18,towr,flume,1.1,CAIS,1.1
nutrients,NO3,12,2,2018,2/12/18,ws55,flume,3.43,CAIS,3.43
nutrients,NO3,12,2,2018,2/12/18,towr,flume,3.35,CAIS,3.35
nutrients,SRP,12,2,2018,2/12/18,ws55,flume,1.82,CAIS,1.82
nutrients,SRP,12,2,2018,2/12/18,towr,flume,5.49,CAIS,5.49
nutrients,NH4,26,2,2018,2/26/18,ws55,flume,6.57,CAIS,6.57
nutrients,NH4,26,2,2018,2/26/18,towr,flume,6.53,CAIS,6.53
nutrients,NO3,26,2,2018,2/26/18,ws55,flume,6.93,CAIS,6.93
nutrients,NO3,26,2,2018,2/26/18,towr,flume,6.99,CAIS,6.99
nutrients,SRP,26,2,2018,2/26/18,ws55,flume,3.12,CAIS,3.12
nutrients,SRP,26,2,2018,2/26/18,towr,flume,2.51,CAIS,2.51
nutrients,NH4,13,3,2018,3/13/18,ws55,flume,9.63,CAIS,9.63
nutrients,NH4,13,3,2018,3/13/18,towr,flume,3.35,CAIS,3.35
nutrients,NO3,13,3,2018,3/13/18,ws55,flume,8.11,CAIS,8.11
nutrients,NO3,13,3,2018,3/13/18,towr,flume,6.06,CAIS,6.06
nutrients,SRP,13,3,2018,3/13/18,ws55,flume,2.65,CAIS,2.65
nutrients,SRP,13,3,2018,3/13/18,towr,flume,2.92,CAIS,2.92
nutrients,NH4,26,3,2018,3/26/18,towr,flume,29.04,CAIS,29.04
nutrients,NH4,26,3,2018,3/26/18,ws55,flume,11.73,CAIS,11.73
nutrients,NO3,26,3,2018,3/26/18,towr,flume,16.49,CAIS,16.49
nutrients,NO3,26,3,2018,3/26/18,ws55,flume,6.51,CAIS,6.51
nutrients,SRP,26,3,2018,3/26/18,towr,flume,28.22,CAIS,28.22
nutrients,SRP,26,3,2018,3/26/18,ws55,flume,9.99,CAIS,9.99
nutrients,NH4,9,4,2018,4/9/18,towr,flume,29.32,CAIS,29.32
nutrients,NH4,9,4,2018,4/9/18,ws55,flume,15.39,CAIS,15.39
nutrients,NO3,9,4,2018,4/9/18,towr,flume,125.74,CAIS,125.74
nutrients,NO3,9,4,2018,4/9/18,ws55,flume,22.36,CAIS,22.36
nutrients,SRP,9,4,2018,4/9/18,towr,flume,10.52,CAIS,10.52
nutrients,SRP,9,4,2018,4/9/18,ws55,flume,8.92,CAIS,8.92
nutrients,NH4,25,4,2018,4/25/18,towr,flume,15.47,CAIS,15.47
nutrients,NH4,25,4,2018,4/25/18,ws55,flume,9.23,CAIS,9.23
nutrients,NO3,25,4,2018,4/25/18,towr,flume,12.03,CAIS,12.03
nutrients,NO3,25,4,2018,4/25/18,ws55,flume,5.73,CAIS,5.73
nutrients,SRP,25,4,2018,4/25/18,towr,flume,9.65,CAIS,9.65
nutrients,SRP,25,4,2018,4/25/18,ws55,flume,8.04,CAIS,8.04
nutrients,NH4,8,5,2018,5/8/18,ws55,flume,6.7,ESL,6.7
nutrients,NH4,8,5,2018,5/8/18,towr,seep,1,ESL,1
nutrients,NH4,8,5,2018,5/8/18,towr,upstream,4.5,ESL,4.5
nutrients,NH4,8,5,2018,5/8/18,towr,flume,10.7,ESL,10.7
nutrients,NH4,8,5,2018,5/8/18,ws55,seep,1.5,ESL,1.5
nutrients,NO3,8,5,2018,5/8/18,ws55,flume,6.456536986,ESL,6.46
nutrients,NO3,8,5,2018,5/8/18,towr,seep,0.288790792,ESL,0.29
nutrients,NO3,8,5,2018,5/8/18,towr,upstream,0,ESL,0
nutrients,NO3,8,5,2018,5/8/18,towr,flume,7.983002599,ESL,7.98
nutrients,NO3,8,5,2018,5/8/18,ws55,seep,2.805396262,ESL,2.81
nutrients,SRP,8,5,2018,5/8/18,ws55,flume,2.6,ESL,2.6
nutrients,SRP,8,5,2018,5/8/18,towr,seep,2.2,ESL,2.2
nutrients,SRP,8,5,2018,5/8/18,towr,upstream,0.7,ESL,0.7
nutrients,SRP,8,5,2018,5/8/18,towr,flume,1,ESL,1
nutrients,SRP,8,5,2018,5/8/18,ws55,seep,<1,ESL,1
nutrients,TN,8,5,2018,5/8/18,ws55,flume,1930,ESL,1930
nutrients,TN,8,5,2018,5/8/18,towr,seep,1940,ESL,1940
nutrients,TN,8,5,2018,5/8/18,towr,upstream,1960,ESL,1960
nutrients,TN,8,5,2018,5/8/18,towr,flume,1960,ESL,1960
nutrients,TN,8,5,2018,5/8/18,ws55,seep,1910,ESL,1910
nutrients,TP,8,5,2018,5/8/18,ws55,flume,51.1,ESL,51.1
nutrients,TP,8,5,2018,5/8/18,towr,seep,49,ESL,49
nutrients,TP,8,5,2018,5/8/18,towr,upstream,46.3,ESL,46.3
nutrients,TP,8,5,2018,5/8/18,towr,flume,46.7,ESL,46.7
nutrients,TP,8,5,2018,5/8/18,ws55,seep,48.2,ESL,48.2
nutrients,NH4,22,5,2018,5/22/18,towr,upstream,14.4,ESL,14.4
nutrients,NH4,22,5,2018,5/22/18,towr,seep,7,ESL,7
nutrients,NH4,22,5,2018,5/22/18,ws55,seep,7.4,ESL,7.4
nutrients,NH4,22,5,2018,5/22/18,ws55,flume,0.2,ESL,0.2
nutrients,NH4,22,5,2018,5/22/18,towr,flume,1.3,ESL,1.3
nutrients,NO3,22,5,2018,5/22/18,towr,upstream,6.4,ESL,6.4
nutrients,NO3,22,5,2018,5/22/18,towr,seep,6.5,ESL,6.5
nutrients,NO3,22,5,2018,5/22/18,ws55,seep,5.9,ESL,5.9
nutrients,NO3,22,5,2018,5/22/18,ws55,flume,5.4,ESL,5.4
nutrients,NO3,22,5,2018,5/22/18,towr,flume,6,ESL,6
nutrients,SRP,22,5,2018,5/22/18,towr,upstream,7.9,ESL,7.9
nutrients,SRP,22,5,2018,5/22/18,towr,seep,4.1,ESL,4.1
nutrients,SRP,22,5,2018,5/22/18,ws55,seep,5.5,ESL,5.5
nutrients,SRP,22,5,2018,5/22/18,ws55,flume,6.7,ESL,6.7
nutrients,SRP,22,5,2018,5/22/18,towr,flume,7,ESL,7
nutrients,TN,22,5,2018,5/22/18,ws55,flume,1770,ESL,1770
nutrients,TN,22,5,2018,5/22/18,towr,flume,2210,ESL,2210
nutrients,TP,22,5,2018,5/22/18,ws55,flume,1.466666667,ESL,1.47
nutrients,TP,22,5,2018,5/22/18,towr,flume,3.866666667,ESL,3.87
nutrients,NH4,30,5,2018,5/30/18,ws55,flume,7.4,ESL,7.4
nutrients,NH4,30,5,2018,5/30/18,towr,flume,1.5,ESL,1.5
nutrients,NO3,30,5,2018,5/30/18,ws55,flume,19.7,ESL,19.7
nutrients,NO3,30,5,2018,5/30/18,towr,flume,3.6,ESL,3.6
nutrients,SRP,30,5,2018,5/30/18,ws55,flume,12.2,ESL,12.2
nutrients,SRP,30,5,2018,5/30/18,towr,flume,11.9,ESL,11.9
nutrients,NH4,5,6,2018,6/5/18,towr,seep,11.4,ESL,11.4
nutrients,NH4,5,6,2018,6/5/18,towr,flume,11.3,ESL,11.3
nutrients,NH4,5,6,2018,6/5/18,ws55,seep,12.8,ESL,12.8
nutrients,NH4,5,6,2018,6/5/18,ws55,flume,3.3,ESL,3.3
nutrients,NH4,5,6,2018,6/5/18,towr,upstream,9.2,ESL,9.2
nutrients,NO3,5,6,2018,6/5/18,towr,seep,8.251165477,ESL,8.25
nutrients,NO3,5,6,2018,6/5/18,towr,flume,13.42877181,ESL,13.43
nutrients,NO3,5,6,2018,6/5/18,ws55,seep,10.66463138,ESL,10.66
nutrients,NO3,5,6,2018,6/5/18,ws55,flume,13.92384174,ESL,13.92
nutrients,NO3,5,6,2018,6/5/18,towr,upstream,6.807211519,ESL,6.81
nutrients,SRP,5,6,2018,6/5/18,towr,seep,1.7,ESL,1.7
nutrients,SRP,5,6,2018,6/5/18,towr,flume,<1,ESL,1
nutrients,SRP,5,6,2018,6/5/18,ws55,seep,<1,ESL,1
nutrients,SRP,5,6,2018,6/5/18,ws55,flume,<1,ESL,1
nutrients,SRP,5,6,2018,6/5/18,towr,upstream,4.3,ESL,4.3
nutrients,TN,5,6,2018,6/5/18,towr,seep,1960,ESL,1960
nutrients,TN,5,6,2018,6/5/18,towr,flume,1970,ESL,1970
nutrients,TN,5,6,2018,6/5/18,ws55,seep,1920,ESL,1920
nutrients,TN,5,6,2018,6/5/18,ws55,flume,2030,ESL,2030
nutrients,TN,5,6,2018,6/5/18,towr,upstream,1860,ESL,1860
nutrients,TP,5,6,2018,6/5/18,towr,seep,43.3,ESL,43.3
nutrients,TP,5,6,2018,6/5/18,towr,flume,42.4,ESL,42.4
nutrients,TP,5,6,2018,6/5/18,ws55,seep,41.8,ESL,41.8
nutrients,TP,5,6,2018,6/5/18,ws55,flume,53.2,ESL,53.2
nutrients,TP,5,6,2018,6/5/18,towr,upstream,42.8,ESL,42.8
nutrients,NH4,19,6,2018,6/19/18,ws55,flume,10.4,ESL,10.4
nutrients,NH4,19,6,2018,6/19/18,towr,upstream,8.3,ESL,8.3
nutrients,NH4,19,6,2018,6/19/18,towr,seep,4.6,ESL,4.6
nutrients,NH4,19,6,2018,6/19/18,towr,flume,5.8,ESL,5.8
nutrients,NH4,19,6,2018,6/19/18,ws55,seep,10.9,ESL,10.9
nutrients,NO3,19,6,2018,6/19/18,ws55,flume,5.2,ESL,5.2
nutrients,NO3,19,6,2018,6/19/18,towr,upstream,5.9,ESL,5.9
nutrients,NO3,19,6,2018,6/19/18,towr,seep,5.4,ESL,5.4
nutrients,NO3,19,6,2018,6/19/18,towr,flume,4.6,ESL,4.6
nutrients,NO3,19,6,2018,6/19/18,ws55,seep,10.9,ESL,10.9
nutrients,SRP,19,6,2018,6/19/18,ws55,flume,12.4,ESL,12.4
nutrients,SRP,19,6,2018,6/19/18,towr,upstream,13.7,ESL,13.7
nutrients,SRP,19,6,2018,6/19/18,towr,seep,13.4,ESL,13.4
nutrients,SRP,19,6,2018,6/19/18,towr,flume,13.9,ESL,13.9
nutrients,SRP,19,6,2018,6/19/18,ws55,seep,14,ESL,14
nutrients,NH4,28,6,2018,6/28/18,towr,flume,17.7,ESL,17.7
nutrients,NH4,28,6,2018,6/28/18,ws55,seep,20,ESL,20
nutrients,NH4,28,6,2018,6/28/18,ws55,flume,11.5,ESL,11.5
nutrients,NH4,28,6,2018,6/28/18,towr,upstream,7.6,ESL,7.6
nutrients,NH4,28,6,2018,6/28/18,towr,seep,4.1,ESL,4.1
nutrients,NO3,28,6,2018,6/28/18,towr,flume,5.2,ESL,5.2
nutrients,NO3,28,6,2018,6/28/18,ws55,seep,2.9,ESL,2.9
nutrients,NO3,28,6,2018,6/28/18,ws55,flume,4.9,ESL,4.9
nutrients,NO3,28,6,2018,6/28/18,towr,upstream,4.6,ESL,4.6
nutrients,NO3,28,6,2018,6/28/18,towr,seep,19.9,ESL,19.9
nutrients,SRP,28,6,2018,6/28/18,towr,flume,7.6,ESL,7.6
nutrients,SRP,28,6,2018,6/28/18,ws55,seep,8.6,ESL,8.6
nutrients,SRP,28,6,2018,6/28/18,ws55,flume,10.6,ESL,10.6
nutrients,SRP,28,6,2018,6/28/18,towr,upstream,10.1,ESL,10.1
nutrients,SRP,28,6,2018,6/28/18,towr,seep,13.1,ESL,13.1
nutrients,NH4,3,7,2018,7/3/18,towr,flume,8.6,ESL,8.6
nutrients,NH4,3,7,2018,7/3/18,ws55,seep,3.1,ESL,3.1
nutrients,NH4,3,7,2018,7/3/18,ws55,flume,10.9,ESL,10.9
nutrients,NH4,3,7,2018,7/3/18,towr,upstream,7.7,ESL,7.7
nutrients,NO3,3,7,2018,7/3/18,towr,flume,4.5,ESL,4.5
nutrients,NO3,3,7,2018,7/3/18,ws55,seep,4.7,ESL,4.7
nutrients,NO3,3,7,2018,7/3/18,ws55,flume,5.8,ESL,5.8
nutrients,NO3,3,7,2018,7/3/18,towr,upstream,6.3,ESL,6.3
nutrients,SRP,3,7,2018,7/3/18,towr,flume,11.9,ESL,11.9
nutrients,SRP,3,7,2018,7/3/18,ws55,seep,14.3,ESL,14.3
nutrients,SRP,3,7,2018,7/3/18,ws55,flume,14.2,ESL,14.2
nutrients,SRP,3,7,2018,7/3/18,towr,upstream,13.9,ESL,13.9
nutrients,NH4,16,7,2018,7/16/18,towr,seep,7.5,ESL,7.5
nutrients,NH4,16,7,2018,7/16/18,towr,upstream,6.1,ESL,6.1
nutrients,NH4,16,7,2018,7/16/18,towr,flume,0,ESL,0
nutrients,NH4,16,7,2018,7/16/18,ws55,seep,4,ESL,4
nutrients,NH4,16,7,2018,7/16/18,ws55,flume,8.7,ESL,8.7
nutrients,NO3,16,7,2018,7/16/18,towr,seep,10.35521267,ESL,10.36
nutrients,NO3,16,7,2018,7/16/18,towr,upstream,28.98221874,ESL,28.98
nutrients,NO3,16,7,2018,7/16/18,towr,flume,2.84665209,ESL,2.85
nutrients,NO3,16,7,2018,7/16/18,ws55,seep,0.08969842,ESL,0.09
nutrients,NO3,16,7,2018,7/16/18,ws55,flume,7.054746483,ESL,7.05
nutrients,SRP,16,7,2018,7/16/18,towr,seep,<1,ESL,1
nutrients,SRP,16,7,2018,7/16/18,towr,upstream,1.9,ESL,1.9
nutrients,SRP,16,7,2018,7/16/18,towr,flume,0.5,ESL,0.5
nutrients,SRP,16,7,2018,7/16/18,ws55,seep,<1,ESL,1
nutrients,SRP,16,7,2018,7/16/18,ws55,flume,0.2,ESL,0.2
nutrients,TN,16,7,2018,7/16/18,towr,seep,1990,ESL,1990
nutrients,TN,16,7,2018,7/16/18,towr,upstream,2110,ESL,2110
nutrients,TN,16,7,2018,7/16/18,towr,flume,1940,ESL,1940
nutrients,TN,16,7,2018,7/16/18,ws55,seep,2000,ESL,2000
nutrients,TN,16,7,2018,7/16/18,ws55,flume,1970,ESL,1970
nutrients,TP,16,7,2018,7/16/18,towr,seep,68.4,ESL,68.4
nutrients,TP,16,7,2018,7/16/18,towr,upstream,54.3,ESL,54.3
nutrients,TP,16,7,2018,7/16/18,towr,flume,45.5,ESL,45.5
nutrients,TP,16,7,2018,7/16/18,ws55,seep,45.1,ESL,45.1
nutrients,TP,16,7,2018,7/16/18,ws55,flume,43.4,ESL,43.4
nutrients,NH4,7,8,2018,8/7/18,towr,upstream,11.2,ESL,11.2
nutrients,NH4,7,8,2018,8/7/18,ws55,flume,10.5,ESL,10.5
nutrients,NH4,7,8,2018,8/7/18,towr,seep,11.5,ESL,11.5
nutrients,NH4,7,8,2018,8/7/18,towr,flume,10.1,ESL,10.1
nutrients,NH4,7,8,2018,8/7/18,ws55,seep,2.4,ESL,2.4
nutrients,NH4,7,8,2018,8/7/18,ws55,flume,2.8,ESL,2.8
nutrients,NH4,7,8,2018,8/7/18,towr,flume,3.2,ESL,3.2
nutrients,NH4,7,8,2018,8/7/18,towr,upstream,11.4,ESL,11.4
nutrients,NH4,7,8,2018,8/7/18,towr,seep,18.3,ESL,18.3
nutrients,NH4,7,8,2018,8/7/18,ws55,seep,11,ESL,11
nutrients,NO3,7,8,2018,8/7/18,towr,upstream,10.0870498,ESL,10.09
nutrients,NO3,7,8,2018,8/7/18,ws55,flume,1.959651801,ESL,1.96
nutrients,NO3,7,8,2018,8/7/18,towr,seep,6.580304468,ESL,6.58
nutrients,NO3,7,8,2018,8/7/18,towr,flume,21.74182103,ESL,21.74
nutrients,NO3,7,8,2018,8/7/18,ws55,seep,3.795536119,ESL,3.8
nutrients,NO3,7,8,2018,8/7/18,ws55,flume,3.6,ESL,3.6
nutrients,NO3,7,8,2018,8/7/18,towr,flume,5.2,ESL,5.2
nutrients,NO3,7,8,2018,8/7/18,towr,upstream,2.3,ESL,2.3
nutrients,NO3,7,8,2018,8/7/18,towr,seep,5,ESL,5
nutrients,NO3,7,8,2018,8/7/18,ws55,seep,4.5,ESL,4.5
nutrients,SRP,7,8,2018,8/7/18,towr,upstream,<1,ESL,1
nutrients,SRP,7,8,2018,8/7/18,ws55,flume,<1,ESL,1
nutrients,SRP,7,8,2018,8/7/18,towr,seep,<1,ESL,1
nutrients,SRP,7,8,2018,8/7/18,towr,flume,<1,ESL,1
nutrients,SRP,7,8,2018,8/7/18,ws55,seep,<1,ESL,1
nutrients,SRP,7,8,2018,8/7/18,ws55,flume,13.4,ESL,13.4
nutrients,SRP,7,8,2018,8/7/18,towr,flume,14.8,ESL,14.8
nutrients,SRP,7,8,2018,8/7/18,towr,upstream,11.4,ESL,11.4
nutrients,SRP,7,8,2018,8/7/18,towr,seep,11.7,ESL,11.7
nutrients,SRP,7,8,2018,8/7/18,ws55,seep,13.2,ESL,13.2
nutrients,TN,7,8,2018,8/7/18,towr,upstream,2020,ESL,2020
nutrients,TN,7,8,2018,8/7/18,ws55,flume,1960,ESL,1960
nutrients,TN,7,8,2018,8/7/18,towr,seep,1970,ESL,1970
nutrients,TN,7,8,2018,8/7/18,towr,flume,1900,ESL,1900
nutrients,TN,7,8,2018,8/7/18,ws55,seep,2010,ESL,2010
nutrients,TN,7,8,2018,8/7/18,ws55,flume,1830,ESL,1830
nutrients,TN,7,8,2018,8/7/18,towr,flume,1650,ESL,1650
nutrients,TP,7,8,2018,8/7/18,towr,upstream,41.4,ESL,41.4
nutrients,TP,7,8,2018,8/7/18,ws55,flume,43,ESL,43
nutrients,TP,7,8,2018,8/7/18,towr,seep,43,ESL,43
nutrients,TP,7,8,2018,8/7/18,towr,flume,43.4,ESL,43.4
nutrients,TP,7,8,2018,8/7/18,ws55,seep,45.1,ESL,45.1
nutrients,TP,7,8,2018,8/7/18,ws55,flume,3.6,ESL,3.6
nutrients,TP,7,8,2018,8/7/18,towr,flume,2.8,ESL,2.8
nutrients,NH4,22,8,2018,8/22/18,towr,flume,8.7,ESL,8.7
nutrients,NH4,22,8,2018,8/22/18,towr,seep,21.9,ESL,21.9
nutrients,NH4,22,8,2018,8/22/18,ws55,seep,9.4,ESL,9.4
nutrients,NH4,22,8,2018,8/22/18,ws55,flume,7.4,ESL,7.4
nutrients,NH4,22,8,2018,8/22/18,towr,upstream,11,ESL,11
nutrients,NO3,22,8,2018,8/22/18,towr,flume,5.4,ESL,5.4
nutrients,NO3,22,8,2018,8/22/18,towr,seep,3.1,ESL,3.1
nutrients,NO3,22,8,2018,8/22/18,ws55,seep,4.6,ESL,4.6
nutrients,NO3,22,8,2018,8/22/18,ws55,flume,4.7,ESL,4.7
nutrients,NO3,22,8,2018,8/22/18,towr,upstream,4.6,ESL,4.6
nutrients,SRP,22,8,2018,8/22/18,towr,flume,13.9,ESL,13.9
nutrients,SRP,22,8,2018,8/22/18,towr,seep,12.2,ESL,12.2
nutrients,SRP,22,8,2018,8/22/18,ws55,seep,12.4,ESL,12.4
nutrients,SRP,22,8,2018,8/22/18,ws55,flume,15,ESL,15
nutrients,SRP,22,8,2018,8/22/18,towr,upstream,14.3,ESL,14.3
nutrients,NH4,5,9,2018,9/5/18,towr,flume,9.78,CAIS,9.78
nutrients,NH4,5,9,2018,9/5/18,ws55,seep,2.3,CAIS,2.3
nutrients,NH4,5,9,2018,9/5/18,towr,seep,2.33,CAIS,2.33
nutrients,NH4,5,9,2018,9/5/18,ws55,flume,3.72,CAIS,3.72
nutrients,NH4,5,9,2018,9/5/18,towr,upstream,1.96,CAIS,1.96
nutrients,NO3,5,9,2018,9/5/18,towr,flume,7.71,CAIS,7.71
nutrients,NO3,5,9,2018,9/5/18,ws55,seep,3.39,CAIS,3.39
nutrients,NO3,5,9,2018,9/5/18,towr,seep,5.39,CAIS,5.39
nutrients,NO3,5,9,2018,9/5/18,ws55,flume,12.28,CAIS,12.28
nutrients,NO3,5,9,2018,9/5/18,towr,upstream,10.22,CAIS,10.22
nutrients,SRP,5,9,2018,9/5/18,towr,flume,11.98,CAIS,11.98
nutrients,SRP,5,9,2018,9/5/18,ws55,seep,2.85,CAIS,2.85
nutrients,SRP,5,9,2018,9/5/18,towr,seep,2.92,CAIS,2.92
nutrients,SRP,5,9,2018,9/5/18,ws55,flume,2.16,CAIS,2.16
nutrients,SRP,5,9,2018,9/5/18,towr,upstream,3.39,CAIS,3.39
nutrients,TN,5,9,2018,9/5/18,towr,flume,97.2,CAIS,97.2
nutrients,TN,5,9,2018,9/5/18,ws55,seep,55.2,CAIS,55.2
nutrients,TN,5,9,2018,9/5/18,towr,seep,45.6,CAIS,45.6
nutrients,TN,5,9,2018,9/5/18,ws55,flume,86.4,CAIS,86.4
nutrients,TN,5,9,2018,9/5/18,towr,upstream,80.4,CAIS,80.4
nutrients,TP,5,9,2018,9/5/18,towr,flume,15.88,CAIS,15.88
nutrients,TP,5,9,2018,9/5/18,ws55,seep,12.84,CAIS,12.84
nutrients,TP,5,9,2018,9/5/18,towr,seep,12.12,CAIS,12.12
nutrients,TP,5,9,2018,9/5/18,ws55,flume,8.33,CAIS,8.33
nutrients,TP,5,9,2018,9/5/18,towr,upstream,11.57,CAIS,11.57
nutrients,NH4,19,9,2018,9/19/18,towr,seep,0,CAIS,0
nutrients,NH4,19,9,2018,9/19/18,ws55,seep,2.57,CAIS,2.57
nutrients,NH4,19,9,2018,9/19/18,ws55,flume,3.33,CAIS,3.33
nutrients,NH4,19,9,2018,9/19/18,towr,upstream,0,CAIS,0
nutrients,NH4,19,9,2018,9/19/18,towr,flume,2.1,CAIS,2.1
nutrients,NO3,19,9,2018,9/19/18,towr,seep,4.39,CAIS,4.39
nutrients,NO3,19,9,2018,9/19/18,ws55,seep,1.23,CAIS,1.23
nutrients,NO3,19,9,2018,9/19/18,ws55,flume,37.79,CAIS,37.79
nutrients,NO3,19,9,2018,9/19/18,towr,upstream,11.8,CAIS,11.8
nutrients,NO3,19,9,2018,9/19/18,towr,flume,10.12,CAIS,10.12
nutrients,SRP,19,9,2018,9/19/18,towr,seep,2.87,CAIS,2.87
nutrients,SRP,19,9,2018,9/19/18,ws55,seep,2.63,CAIS,2.63
nutrients,SRP,19,9,2018,9/19/18,ws55,flume,5.13,CAIS,5.13
nutrients,SRP,19,9,2018,9/19/18,towr,upstream,2.61,CAIS,2.61
nutrients,SRP,19,9,2018,9/19/18,towr,flume,4.02,CAIS,4.02
nutrients,NH4,3,10,2018,10/3/18,towr,upstream,0,CAIS,0
nutrients,NH4,3,10,2018,10/3/18,towr,flume,0,CAIS,0
nutrients,NH4,3,10,2018,10/3/18,ws55,seep,0,CAIS,0
nutrients,NH4,3,10,2018,10/3/18,ws55,flume,4.19,CAIS,4.19
nutrients,NH4,3,10,2018,10/3/18,towr,seep,1.08,CAIS,1.08
nutrients,NO3,3,10,2018,10/3/18,towr,upstream,3.9,CAIS,3.9
nutrients,NO3,3,10,2018,10/3/18,towr,flume,4.47,CAIS,4.47
nutrients,NO3,3,10,2018,10/3/18,ws55,seep,0.68,CAIS,0.68
nutrients,NO3,3,10,2018,10/3/18,ws55,flume,11.83,CAIS,11.83
nutrients,NO3,3,10,2018,10/3/18,towr,seep,1.86,CAIS,1.86
nutrients,SRP,3,10,2018,10/3/18,towr,upstream,2.25,CAIS,2.25
nutrients,SRP,3,10,2018,10/3/18,towr,flume,2.04,CAIS,2.04
nutrients,SRP,3,10,2018,10/3/18,ws55,seep,2.3,CAIS,2.3
nutrients,SRP,3,10,2018,10/3/18,ws55,flume,3.4,CAIS,3.4
nutrients,SRP,3,10,2018,10/3/18,towr,seep,4.85,CAIS,4.85
nutrients,TN,3,10,2018,10/3/18,towr,upstream,50.4,CAIS,50.4
nutrients,TN,3,10,2018,10/3/18,towr,flume,66,CAIS,66
nutrients,TN,3,10,2018,10/3/18,ws55,seep,45.6,CAIS,45.6
nutrients,TN,3,10,2018,10/3/18,ws55,flume,84,CAIS,84
nutrients,TN,3,10,2018,10/3/18,towr,seep,81.6,CAIS,81.6
nutrients,TP,3,10,2018,10/3/18,towr,upstream,13.35,CAIS,13.35
nutrients,TP,3,10,2018,10/3/18,towr,flume,10.31,CAIS,10.31
nutrients,TP,3,10,2018,10/3/18,ws55,seep,11.88,CAIS,11.88
nutrients,TP,3,10,2018,10/3/18,ws55,flume,14.11,CAIS,14.11
nutrients,TP,3,10,2018,10/3/18,towr,seep,11.59,CAIS,11.59
nutrients,NH4,22,10,2018,10/22/18,ws55,seep,0.22,CAIS,0.22
nutrients,NH4,22,10,2018,10/22/18,towr,flume,1.99,CAIS,1.99
nutrients,NH4,22,10,2018,10/22/18,towr,upstream,2.44,CAIS,2.44
nutrients,NH4,22,10,2018,10/22/18,ws55,flume,0.51,CAIS,0.51
nutrients,NH4,22,10,2018,10/22/18,towr,seep,0.32,CAIS,0.32
nutrients,NO3,22,10,2018,10/22/18,ws55,seep,2.03,CAIS,2.03
nutrients,NO3,22,10,2018,10/22/18,towr,flume,2.58,CAIS,2.58
nutrients,NO3,22,10,2018,10/22/18,towr,upstream,8,CAIS,8
nutrients,NO3,22,10,2018,10/22/18,ws55,flume,7.13,CAIS,7.13
nutrients,NO3,22,10,2018,10/22/18,towr,seep,3.52,CAIS,3.52
nutrients,SRP,22,10,2018,10/22/18,ws55,seep,3.24,CAIS,3.24
nutrients,SRP,22,10,2018,10/22/18,towr,flume,2.48,CAIS,2.48
nutrients,SRP,22,10,2018,10/22/18,towr,upstream,1.84,CAIS,1.84
nutrients,SRP,22,10,2018,10/22/18,ws55,flume,1.57,CAIS,1.57
nutrients,SRP,22,10,2018,10/22/18,towr,seep,1.49,CAIS,1.49
nutrients,NH4,7,11,2018,11/7/18,towr,seep,3.17,CAIS,3.17
nutrients,NH4,7,11,2018,11/7/18,towr,flume,1.41,CAIS,1.41
nutrients,NH4,7,11,2018,11/7/18,ws55,seep,2.39,CAIS,2.39
nutrients,NH4,7,11,2018,11/7/18,towr,upstream,0,CAIS,0
nutrients,NH4,7,11,2018,11/7/18,ws55,flume,3.38,CAIS,3.38
nutrients,NO3,7,11,2018,11/7/18,towr,seep,0.21,CAIS,0.21
nutrients,NO3,7,11,2018,11/7/18,towr,flume,0.38,CAIS,0.38
nutrients,NO3,7,11,2018,11/7/18,ws55,seep,0.21,CAIS,0.21
nutrients,NO3,7,11,2018,11/7/18,towr,upstream,1.35,CAIS,1.35
nutrients,NO3,7,11,2018,11/7/18,ws55,flume,0.23,CAIS,0.23
nutrients,SRP,7,11,2018,11/7/18,towr,seep,2.3,CAIS,2.3
nutrients,SRP,7,11,2018,11/7/18,towr,flume,3.35,CAIS,3.35
nutrients,SRP,7,11,2018,11/7/18,ws55,seep,3.34,CAIS,3.34
nutrients,SRP,7,11,2018,11/7/18,towr,upstream,2.3,CAIS,2.3
nutrients,SRP,7,11,2018,11/7/18,ws55,flume,3.64,CAIS,3.64
nutrients,TN,7,11,2018,11/7/18,towr,seep,49.2,CAIS,49.2
nutrients,TN,7,11,2018,11/7/18,towr,flume,60,CAIS,60
nutrients,TN,7,11,2018,11/7/18,ws55,seep,36,CAIS,36
nutrients,TN,7,11,2018,11/7/18,towr,upstream,66,CAIS,66
nutrients,TN,7,11,2018,11/7/18,ws55,flume,62.4,CAIS,62.4
nutrients,TP,7,11,2018,11/7/18,towr,seep,7.45,CAIS,7.45
nutrients,TP,7,11,2018,11/7/18,towr,flume,10.32,CAIS,10.32
nutrients,TP,7,11,2018,11/7/18,ws55,seep,9.78,CAIS,9.78
nutrients,TP,7,11,2018,11/7/18,towr,upstream,7.63,CAIS,7.63
nutrients,TP,7,11,2018,11/7/18,ws55,flume,7.77,CAIS,7.77
nutrients,NH4,20,11,2018,11/20/18,towr,flume,0,CAIS,0
nutrients,NH4,20,11,2018,11/20/18,towr,seep,0,CAIS,0
nutrients,NH4,20,11,2018,11/20/18,towr,upstream,0,CAIS,0
nutrients,NH4,20,11,2018,11/20/18,ws55,seep,0,CAIS,0
nutrients,NH4,20,11,2018,11/20/18,ws55,flume,0,CAIS,0
nutrients,NO3,20,11,2018,11/20/18,towr,flume,0,CAIS,0
nutrients,NO3,20,11,2018,11/20/18,towr,seep,0,CAIS,0
nutrients,NO3,20,11,2018,11/20/18,towr,upstream,0,CAIS,0
nutrients,NO3,20,11,2018,11/20/18,ws55,seep,0,CAIS,0
nutrients,NO3,20,11,2018,11/20/18,ws55,flume,1.23,CAIS,1.23
nutrients,SRP,20,11,2018,11/20/18,towr,flume,3.25,CAIS,3.25
nutrients,SRP,20,11,2018,11/20/18,towr,seep,3.96,CAIS,3.96
nutrients,SRP,20,11,2018,11/20/18,towr,upstream,4.38,CAIS,4.38
nutrients,SRP,20,11,2018,11/20/18,ws55,seep,2.72,CAIS,2.72
nutrients,SRP,20,11,2018,11/20/18,ws55,flume,2.73,CAIS,2.73
nutrients,TP,3,12,2018,12/3/18,warm,flume,7.1,CAIS,7.1
nutrients,TP,3,12,2018,12/3/18,ref,seep,5.62,CAIS,5.62
nutrients,TP,3,12,2018,12/3/18,warm,seep,7.96,CAIS,7.96
nutrients,TP,3,12,2018,12/3/18,ref,flume,8.41,CAIS,8.41
nutrients,TP,3,12,2018,12/3/18,warm,upstream,8.8,CAIS,8.8
nutrients,TN,3,12,2018,12/3/18,warm,flume,63.76,CAIS,63.76
nutrients,TN,3,12,2018,12/3/18,ref,seep,43.08,CAIS,43.08
nutrients,TN,3,12,2018,12/3/18,warm,seep,62.43,CAIS,62.43
nutrients,TN,3,12,2018,12/3/18,ref,flume,54.28,CAIS,54.28
nutrients,TN,3,12,2018,12/3/18,warm,upstream,63.58,CAIS,63.58
nutrients,SRP,3,12,2018,12/3/18,warm,flume,0.07,CAIS,0.07
nutrients,SRP,3,12,2018,12/3/18,ref,seep,1.44,CAIS,1.44
nutrients,SRP,3,12,2018,12/3/18,warm,seep,0,CAIS,0
nutrients,SRP,3,12,2018,12/3/18,ref,flume,2.88,CAIS,2.88
nutrients,SRP,3,12,2018,12/3/18,warm,upstream,1.87,CAIS,1.87
nutrients,NO3,3,12,2018,12/3/18,warm,flume,0.25,CAIS,0.25
nutrients,NO3,3,12,2018,12/3/18,ref,seep,3.98,CAIS,3.98
nutrients,NO3,3,12,2018,12/3/18,warm,seep,3.25,CAIS,3.25
nutrients,NO3,3,12,2018,12/3/18,ref,flume,0,CAIS,0
nutrients,NO3,3,12,2018,12/3/18,warm,upstream,0.77,CAIS,0.77
nutrients,NH4,3,12,2018,12/3/18,warm,flume,0.05,CAIS,0.05
nutrients,NH4,3,12,2018,12/3/18,ref,seep,0,CAIS,0
nutrients,NH4,3,12,2018,12/3/18,warm,seep,1.91,CAIS,1.91
nutrients,NH4,3,12,2018,12/3/18,ref,flume,2.58,CAIS,2.58
nutrients,NH4,3,12,2018,12/3/18,warm,upstream,4.11,CAIS,4.11
nutrients,SRP,18,12,2018,12/18/18,warm,flume,1.66,CAIS,1.66
nutrients,SRP,18,12,2018,12/18/18,warm,seep,3.53,CAIS,3.53
nutrients,SRP,18,12,2018,12/18/18,ref,flume,2,CAIS,2
nutrients,SRP,18,12,2018,12/18/18,warm,upstream,4.03,CAIS,4.03
nutrients,SRP,18,12,2018,12/18/18,ref,seep,4.1,CAIS,4.1
nutrients,NO3,18,12,2018,12/18/18,warm,flume,0,CAIS,0
nutrients,NO3,18,12,2018,12/18/18,warm,seep,0.81,CAIS,0.81
nutrients,NO3,18,12,2018,12/18/18,ref,flume,0,CAIS,0
nutrients,NO3,18,12,2018,12/18/18,warm,upstream,0,CAIS,0
nutrients,NO3,18,12,2018,12/18/18,ref,seep,0,CAIS,0
nutrients,NH4,18,12,2018,12/18/18,warm,flume,3.66,CAIS,3.66
nutrients,NH4,18,12,2018,12/18/18,warm,seep,6.03,CAIS,6.03
nutrients,NH4,18,12,2018,12/18/18,ref,flume,3.85,CAIS,3.85
nutrients,NH4,18,12,2018,12/18/18,warm,upstream,0,CAIS,0
nutrients,NH4,18,12,2018,12/18/18,ref,seep,0.98,CAIS,0.98
nutrients,TP,2,1,2019,1/2/19,ref,flume,6.07,CAIS,6.07
nutrients,TP,2,1,2019,1/2/19,ref,seep,4.08,CAIS,4.08
nutrients,TP,2,1,2019,1/2/19,warm,seep,53.74,CAIS,53.74
nutrients,TP,2,1,2019,1/2/19,warm,flume,7.83,CAIS,7.83
nutrients,TP,2,1,2019,1/2/19,warm,upstream,43.44,CAIS,43.44
nutrients,TN,2,1,2019,1/2/19,ref,flume,58.81,CAIS,58.81
nutrients,TN,2,1,2019,1/2/19,ref,seep,53.73,CAIS,53.73
nutrients,TN,2,1,2019,1/2/19,warm,seep,55.46,CAIS,55.46
nutrients,TN,2,1,2019,1/2/19,warm,flume,65.05,CAIS,65.05
nutrients,TN,2,1,2019,1/2/19,warm,upstream,59.77,CAIS,59.77
nutrients,SRP,2,1,2019,1/2/19,ref,flume,2.16,CAIS,2.16
nutrients,SRP,2,1,2019,1/2/19,ref,seep,1.7,CAIS,1.7
nutrients,SRP,2,1,2019,1/2/19,warm,seep,1.05,CAIS,1.05
nutrients,SRP,2,1,2019,1/2/19,warm,flume,0.71,CAIS,0.71
nutrients,SRP,2,1,2019,1/2/19,warm,upstream,1.57,CAIS,1.57
nutrients,NO3,2,1,2019,1/2/19,ref,flume,1.05,CAIS,1.05
nutrients,NO3,2,1,2019,1/2/19,ref,seep,0.67,CAIS,0.67
nutrients,NO3,2,1,2019,1/2/19,warm,seep,3.09,CAIS,3.09
nutrients,NO3,2,1,2019,1/2/19,warm,flume,6.26,CAIS,6.26
nutrients,NO3,2,1,2019,1/2/19,warm,upstream,3.64,CAIS,3.64
nutrients,NH4,2,1,2019,1/2/19,ref,flume,2.44,CAIS,2.44
nutrients,NH4,2,1,2019,1/2/19,ref,seep,2.36,CAIS,2.36
nutrients,NH4,2,1,2019,1/2/19,warm,seep,4.59,CAIS,4.59
nutrients,NH4,2,1,2019,1/2/19,warm,flume,2.27,CAIS,2.27
nutrients,NH4,2,1,2019,1/2/19,warm,upstream,6.57,CAIS,6.57
nutrients,SRP,15,1,2019,1/15/19,warm,seep,16.91,CAIS,16.91
nutrients,SRP,15,1,2019,1/15/19,warm,flume,2.73,CAIS,2.73
nutrients,SRP,15,1,2019,1/15/19,ref,seep,3.84,CAIS,3.84
nutrients,SRP,15,1,2019,1/15/19,ref,flume,4.16,CAIS,4.16
nutrients,SRP,15,1,2019,1/15/19,warm,upstream,5.43,CAIS,5.43
nutrients,NO3,15,1,2019,1/15/19,warm,seep,1.3,CAIS,1.3
nutrients,NO3,15,1,2019,1/15/19,warm,flume,1.14,CAIS,1.14
nutrients,NO3,15,1,2019,1/15/19,ref,seep,0,CAIS,0
nutrients,NO3,15,1,2019,1/15/19,ref,flume,1.86,CAIS,1.86
nutrients,NO3,15,1,2019,1/15/19,warm,upstream,0,CAIS,0
nutrients,NH4,15,1,2019,1/15/19,warm,seep,0,CAIS,0
nutrients,NH4,15,1,2019,1/15/19,warm,flume,1.06,CAIS,1.06
nutrients,NH4,15,1,2019,1/15/19,ref,seep,0.56,CAIS,0.56
nutrients,NH4,15,1,2019,1/15/19,ref,flume,7.51,CAIS,7.51
nutrients,NH4,15,1,2019,1/15/19,warm,upstream,1.71,CAIS,1.71
nutrients,TP,1,2,2019,2/1/19,ref,flume,14.88,CAIS,14.88
nutrients,TP,1,2,2019,2/1/19,warm,flume,11.07,CAIS,11.07
nutrients,TP,1,2,2019,2/1/19,warm,upstream,8.18,CAIS,8.18
nutrients,TP,1,2,2019,2/1/19,ref,seep,10.86,CAIS,10.86
nutrients,TP,1,2,2019,2/1/19,warm,seep,8.29,CAIS,8.29
nutrients,TN,1,2,2019,2/1/19,ref,flume,50.11,CAIS,50.11
nutrients,TN,1,2,2019,2/1/19,warm,flume,59.85,CAIS,59.85
nutrients,TN,1,2,2019,2/1/19,warm,upstream,108.04,CAIS,108.04
nutrients,TN,1,2,2019,2/1/19,ref,seep,46.21,CAIS,46.21
nutrients,TN,1,2,2019,2/1/19,warm,seep,55.3,CAIS,55.3
nutrients,SRP,1,2,2019,2/1/19,ref,flume,0.61,CAIS,0.61
nutrients,SRP,1,2,2019,2/1/19,warm,flume,0,CAIS,0
nutrients,SRP,1,2,2019,2/1/19,warm,upstream,0,CAIS,0
nutrients,SRP,1,2,2019,2/1/19,ref,seep,0,CAIS,0
nutrients,SRP,1,2,2019,2/1/19,warm,seep,0,CAIS,0
nutrients,NO3,1,2,2019,2/1/19,ref,flume,1.02,CAIS,1.02
nutrients,NO3,1,2,2019,2/1/19,warm,flume,4.24,CAIS,4.24
nutrients,NO3,1,2,2019,2/1/19,warm,upstream,3.37,CAIS,3.37
nutrients,NO3,1,2,2019,2/1/19,ref,seep,0,CAIS,0
nutrients,NO3,1,2,2019,2/1/19,warm,seep,4.02,CAIS,4.02
nutrients,NH4,1,2,2019,2/1/19,ref,flume,1.63,CAIS,1.63
nutrients,NH4,1,2,2019,2/1/19,warm,flume,4.76,CAIS,4.76
nutrients,NH4,1,2,2019,2/1/19,warm,upstream,0,CAIS,0
nutrients,NH4,1,2,2019,2/1/19,ref,seep,4.39,CAIS,4.39
nutrients,NH4,1,2,2019,2/1/19,warm,seep,2.02,CAIS,2.02
nutrients,SRP,19,2,2019,2/19/19,warm,seep,4.7,CAIS,4.7
nutrients,SRP,19,2,2019,2/19/19,ref,seep,2.05,CAIS,2.05
nutrients,SRP,19,2,2019,2/19/19,ref,flume,2.57,CAIS,2.57
nutrients,SRP,19,2,2019,2/19/19,warm,flume,59.45,CAIS,59.45
nutrients,SRP,19,2,2019,2/19/19,warm,upstream,4.21,CAIS,4.21
nutrients,NO3,19,2,2019,2/19/19,warm,seep,4.32,CAIS,4.32
nutrients,NO3,19,2,2019,2/19/19,ref,seep,0.83,CAIS,0.83
nutrients,NO3,19,2,2019,2/19/19,ref,flume,1.22,CAIS,1.22
nutrients,NO3,19,2,2019,2/19/19,warm,flume,3.59,CAIS,3.59
nutrients,NO3,19,2,2019,2/19/19,warm,upstream,0.4,CAIS,0.4
nutrients,NH4,19,2,2019,2/19/19,warm,seep,0,CAIS,0
nutrients,NH4,19,2,2019,2/19/19,ref,seep,0,CAIS,0
nutrients,NH4,19,2,2019,2/19/19,ref,flume,2.02,CAIS,2.02
nutrients,NH4,19,2,2019,2/19/19,warm,flume,9.15,CAIS,9.15
nutrients,NH4,19,2,2019,2/19/19,warm,upstream,8.16,CAIS,8.16
nutrients,TP,5,3,2019,3/5/19,warm,upstream,6.77,CAIS,6.77
nutrients,TP,5,3,2019,3/5/19,ref,flume,9.97,CAIS,9.97
nutrients,TP,5,3,2019,3/5/19,warm,flume,9.15,CAIS,9.15
nutrients,TP,5,3,2019,3/5/19,ref,seep,26.97,CAIS,26.97
nutrients,TP,5,3,2019,3/5/19,warm,seep,13.09,CAIS,13.09
nutrients,TN,5,3,2019,3/5/19,warm,upstream,52.28,CAIS,52.28
nutrients,TN,5,3,2019,3/5/19,ref,flume,61.39,CAIS,61.39
nutrients,TN,5,3,2019,3/5/19,warm,flume,56.61,CAIS,56.61
nutrients,TN,5,3,2019,3/5/19,ref,seep,39.98,CAIS,39.98
nutrients,TN,5,3,2019,3/5/19,warm,seep,56.36,CAIS,56.36
nutrients,SRP,5,3,2019,3/5/19,warm,upstream,2.03,CAIS,2.03
nutrients,SRP,5,3,2019,3/5/19,ref,flume,0.51,CAIS,0.51
nutrients,SRP,5,3,2019,3/5/19,warm,flume,0.74,CAIS,0.74
nutrients,SRP,5,3,2019,3/5/19,ref,seep,0.87,CAIS,0.87
nutrients,SRP,5,3,2019,3/5/19,warm,seep,1.79,CAIS,1.79
nutrients,NO3,5,3,2019,3/5/19,warm,upstream,4.01,CAIS,4.01
nutrients,NO3,5,3,2019,3/5/19,ref,flume,1.2,CAIS,1.2
nutrients,NO3,5,3,2019,3/5/19,warm,flume,3.53,CAIS,3.53
nutrients,NO3,5,3,2019,3/5/19,ref,seep,0,CAIS,0
nutrients,NO3,5,3,2019,3/5/19,warm,seep,2.09,CAIS,2.09
nutrients,NH4,5,3,2019,3/5/19,warm,upstream,2.89,CAIS,2.89
nutrients,NH4,5,3,2019,3/5/19,ref,flume,6.46,CAIS,6.46
nutrients,NH4,5,3,2019,3/5/19,warm,flume,3.88,CAIS,3.88
nutrients,NH4,5,3,2019,3/5/19,ref,seep,7.16,CAIS,7.16
nutrients,NH4,5,3,2019,3/5/19,warm,seep,6.63,CAIS,6.63
nutrients,SRP,18,3,2019,3/18/19,ref,flume,1.95,CAIS,1.95
nutrients,SRP,18,3,2019,3/18/19,ref,seep,1.54,CAIS,1.54
nutrients,SRP,18,3,2019,3/18/19,warm,flume,0.24,CAIS,0.24
nutrients,SRP,18,3,2019,3/18/19,warm,seep,1.67,CAIS,1.67
nutrients,SRP,18,3,2019,3/18/19,warm,upstream,2.72,CAIS,2.72
nutrients,NO3,18,3,2019,3/18/19,ref,flume,1.57,CAIS,1.57
nutrients,NO3,18,3,2019,3/18/19,ref,seep,1,CAIS,1
nutrients,NO3,18,3,2019,3/18/19,warm,flume,6.75,CAIS,6.75
nutrients,NO3,18,3,2019,3/18/19,warm,seep,0,CAIS,0
nutrients,NO3,18,3,2019,3/18/19,warm,upstream,1.08,CAIS,1.08
nutrients,NH4,18,3,2019,3/18/19,ref,flume,3.68,CAIS,3.68
nutrients,NH4,18,3,2019,3/18/19,ref,seep,4.81,CAIS,4.81
nutrients,NH4,18,3,2019,3/18/19,warm,flume,2.89,CAIS,2.89
nutrients,NH4,18,3,2019,3/18/19,warm,seep,6.37,CAIS,6.37
nutrients,NH4,18,3,2019,3/18/19,warm,upstream,6.51,CAIS,6.51
nutrients,TN,10,4,2019,4/10/19,ws55,seep,287.6,CAIS,287.6
nutrients,TN,10,4,2019,4/10/19,towr,flume,98.71,CAIS,98.71
nutrients,TN,10,4,2019,4/10/19,ws55,flume,317.08,CAIS,317.08
nutrients,TN,10,4,2019,4/10/19,towr,seep,793.1,CAIS,793.1
nutrients,TN,10,4,2019,4/10/19,towr,upstream,121.58,CAIS,121.58
nutrients,TP,10,4,2019,4/10/19,ws55,seep,31.33,CAIS,31.33
nutrients,TP,10,4,2019,4/10/19,towr,flume,13.5,CAIS,13.5
nutrients,TP,10,4,2019,4/10/19,ws55,flume,9.29,CAIS,9.29
nutrients,TP,10,4,2019,4/10/19,towr,seep,41.63,CAIS,41.63
nutrients,TP,10,4,2019,4/10/19,towr,upstream,11.19,CAIS,11.19
nutrients,NO3,10,4,2019,4/10/19,ws55,seep,0,CAIS,0
nutrients,NO3,10,4,2019,4/10/19,towr,flume,0,CAIS,0
nutrients,NO3,10,4,2019,4/10/19,ws55,flume,16.05,CAIS,16.05
nutrients,NO3,10,4,2019,4/10/19,towr,seep,59.09,CAIS,59.09
nutrients,NO3,10,4,2019,4/10/19,towr,upstream,0,CAIS,0
nutrients,NH4,10,4,2019,4/10/19,ws55,seep,2.89,CAIS,2.89
nutrients,NH4,10,4,2019,4/10/19,towr,flume,6.01,CAIS,6.01
nutrients,NH4,10,4,2019,4/10/19,ws55,flume,5.86,CAIS,5.86
nutrients,NH4,10,4,2019,4/10/19,towr,seep,16.62,CAIS,16.62
nutrients,NH4,10,4,2019,4/10/19,towr,upstream,0,CAIS,0
nutrients,SRP,10,4,2019,4/10/19,ws55,seep,3.01,CAIS,3.01
nutrients,SRP,10,4,2019,4/10/19,towr,flume,2.87,CAIS,2.87
nutrients,SRP,10,4,2019,4/10/19,ws55,flume,2.26,CAIS,2.26
nutrients,SRP,10,4,2019,4/10/19,towr,seep,1.54,CAIS,1.54
nutrients,SRP,10,4,2019,4/10/19,towr,upstream,3.06,CAIS,3.06
nutrients,NO3,24,4,2019,4/24/19,towr,flume,8.91,CAIS,8.91
nutrients,NO3,24,4,2019,4/24/19,ws55,flume,42.17,CAIS,42.17
nutrients,NO3,24,4,2019,4/24/19,towr,seep,0,CAIS,0
nutrients,NO3,24,4,2019,4/24/19,towr,upstream,5.24,CAIS,5.24
nutrients,NO3,24,4,2019,4/24/19,ws55,seep,1.57,CAIS,1.57
nutrients,NH4,24,4,2019,4/24/19,towr,flume,1.12,CAIS,1.12
nutrients,NH4,24,4,2019,4/24/19,ws55,flume,12.09,CAIS,12.09
nutrients,NH4,24,4,2019,4/24/19,towr,seep,0,CAIS,0
nutrients,NH4,24,4,2019,4/24/19,towr,upstream,14.17,CAIS,14.17
nutrients,NH4,24,4,2019,4/24/19,ws55,seep,6.3,CAIS,6.3
nutrients,SRP,24,4,2019,4/24/19,towr,flume,2.68,CAIS,2.68
nutrients,SRP,24,4,2019,4/24/19,ws55,flume,3.02,CAIS,3.02
nutrients,SRP,24,4,2019,4/24/19,towr,seep,3.16,CAIS,3.16
nutrients,SRP,24,4,2019,4/24/19,towr,upstream,3.46,CAIS,3.46
nutrients,SRP,24,4,2019,4/24/19,ws55,seep,2.93,CAIS,2.93
nutrients,TN,5,5,2019,5/5/19,ws55,flume,444.07,CAIS,444.07
nutrients,TN,5,5,2019,5/5/19,ws55,seep,46.23,CAIS,46.23
nutrients,TN,5,5,2019,5/5/19,towr,upstream,249.9,CAIS,249.9
nutrients,TN,5,5,2019,5/5/19,towr,seep,333.66,CAIS,333.66
nutrients,TN,5,5,2019,5/5/19,towr,flume,145.67,CAIS,145.67
nutrients,TP,5,5,2019,5/5/19,ws55,flume,8.67,CAIS,8.67
nutrients,TP,5,5,2019,5/5/19,ws55,seep,6.95,CAIS,6.95
nutrients,TP,5,5,2019,5/5/19,towr,upstream,20.42,CAIS,20.42
nutrients,TP,5,5,2019,5/5/19,towr,seep,34.01,CAIS,34.01
nutrients,TP,5,5,2019,5/5/19,towr,flume,153.77,CAIS,153.77
nutrients,NO3,5,5,2019,5/5/19,ws55,flume,37.34,CAIS,37.34
nutrients,NO3,5,5,2019,5/5/19,ws55,seep,1.64,CAIS,1.64
nutrients,NO3,5,5,2019,5/5/19,towr,upstream,24.38,CAIS,24.38
nutrients,NO3,5,5,2019,5/5/19,towr,seep,0,CAIS,0
nutrients,NO3,5,5,2019,5/5/19,towr,flume,19.15,CAIS,19.15
nutrients,NH4,5,5,2019,5/5/19,ws55,flume,6.96,CAIS,6.96
nutrients,NH4,5,5,2019,5/5/19,ws55,seep,3.31,CAIS,3.31
nutrients,NH4,5,5,2019,5/5/19,towr,upstream,10.75,CAIS,10.75
nutrients,NH4,5,5,2019,5/5/19,towr,seep,2.55,CAIS,2.55
nutrients,NH4,5,5,2019,5/5/19,towr,flume,4.49,CAIS,4.49
nutrients,SRP,5,5,2019,5/5/19,ws55,flume,1.76,CAIS,1.76
nutrients,SRP,5,5,2019,5/5/19,ws55,seep,1.54,CAIS,1.54
nutrients,SRP,5,5,2019,5/5/19,towr,upstream,3.18,CAIS,3.18
nutrients,SRP,5,5,2019,5/5/19,towr,seep,1.33,CAIS,1.33
nutrients,SRP,5,5,2019,5/5/19,towr,flume,2.93,CAIS,2.93
nutrients,NO3,17,5,2019,5/17/19,ws55,upstream,21.01,CAIS,21.01
nutrients,NO3,17,5,2019,5/17/19,ws55,flume,14.91,CAIS,14.91
nutrients,NO3,17,5,2019,5/17/19,towr,flume,4.16,CAIS,4.16
nutrients,NO3,17,5,2019,5/17/19,towr,seep,1.11,CAIS,1.11
nutrients,NO3,17,5,2019,5/17/19,ws55,seep,5.62,CAIS,5.62
nutrients,NH4,17,5,2019,5/17/19,ws55,upstream,8.27,CAIS,8.27
nutrients,NH4,17,5,2019,5/17/19,ws55,flume,25.9,CAIS,25.9
nutrients,NH4,17,5,2019,5/17/19,towr,flume,0.7,CAIS,0.7
nutrients,NH4,17,5,2019,5/17/19,towr,seep,0,CAIS,0
nutrients,NH4,17,5,2019,5/17/19,ws55,seep,4.11,CAIS,4.11
nutrients,SRP,17,5,2019,5/17/19,ws55,upstream,4.09,CAIS,4.09
nutrients,SRP,17,5,2019,5/17/19,ws55,flume,3.12,CAIS,3.12
nutrients,SRP,17,5,2019,5/17/19,towr,flume,3.14,CAIS,3.14
nutrients,SRP,17,5,2019,5/17/19,towr,seep,3.27,CAIS,3.27
nutrients,SRP,17,5,2019,5/17/19,ws55,seep,2.53,CAIS,2.53
nutrients,NO3,29,5,2019,5/29/19,towr,upstream,12.11,CAIS,12.11
nutrients,NO3,29,5,2019,5/29/19,ws55,flume,48.06,CAIS,48.06
nutrients,NO3,29,5,2019,5/29/19,towr,seep,8,CAIS,8
nutrients,NO3,29,5,2019,5/29/19,towr,flume,0,CAIS,0
nutrients,NO3,29,5,2019,5/29/19,ws55,seep,0,CAIS,0
nutrients,NH4,29,5,2019,5/29/19,towr,upstream,5.94,CAIS,5.94
nutrients,NH4,29,5,2019,5/29/19,ws55,flume,14.43,CAIS,14.43
nutrients,NH4,29,5,2019,5/29/19,towr,seep,6.43,CAIS,6.43
nutrients,NH4,29,5,2019,5/29/19,towr,flume,4.85,CAIS,4.85
nutrients,NH4,29,5,2019,5/29/19,ws55,seep,0,CAIS,0
nutrients,SRP,29,5,2019,5/29/19,towr,upstream,2.87,CAIS,2.87
nutrients,SRP,29,5,2019,5/29/19,ws55,flume,2.81,CAIS,2.81
nutrients,SRP,29,5,2019,5/29/19,towr,seep,1.38,CAIS,1.38
nutrients,SRP,29,5,2019,5/29/19,towr,flume,1.76,CAIS,1.76
nutrients,SRP,29,5,2019,5/29/19,ws55,seep,1.19,CAIS,1.19
nutrients,TN,12,6,2019,6/12/19,towr,flume,789.67,CAIS,789.67
nutrients,TN,12,6,2019,6/12/19,ws55,flume,76.27,CAIS,76.27
nutrients,TN,12,6,2019,6/12/19,towr,upstream,109.88,CAIS,109.88
nutrients,TN,12,6,2019,6/12/19,towr,flume,109.14,CAIS,109.14
nutrients,TN,12,6,2019,6/12/19,towr,seep,82.96,CAIS,82.96
nutrients,TN,12,6,2019,6/12/19,towr,seep,73.42,CAIS,73.42
nutrients,TN,12,6,2019,6/12/19,ws55,seep,66.58,CAIS,66.58
nutrients,TP,12,6,2019,6/12/19,towr,flume,13.48,CAIS,13.48
nutrients,TP,12,6,2019,6/12/19,ws55,flume,7.09,CAIS,7.09
nutrients,TP,12,6,2019,6/12/19,towr,upstream,6.7,CAIS,6.7
nutrients,TP,12,6,2019,6/12/19,towr,flume,5.94,CAIS,5.94
nutrients,TP,12,6,2019,6/12/19,towr,seep,5.14,CAIS,5.14
nutrients,TP,12,6,2019,6/12/19,towr,seep,10.18,CAIS,10.18
nutrients,TP,12,6,2019,6/12/19,ws55,seep,19.94,CAIS,19.94
nutrients,NO3,12,6,2019,6/12/19,towr,flume,59.77,CAIS,59.77
nutrients,NO3,12,6,2019,6/12/19,ws55,flume,5.64,CAIS,5.64
nutrients,NO3,12,6,2019,6/12/19,towr,upstream,17.83,CAIS,17.83
nutrients,NO3,12,6,2019,6/12/19,towr,flume,16.37,CAIS,16.37
nutrients,NO3,12,6,2019,6/12/19,towr,seep,4.14,CAIS,4.14
nutrients,NO3,12,6,2019,6/12/19,towr,seep,0.47,CAIS,0.47
nutrients,NO3,12,6,2019,6/12/19,ws55,seep,0,CAIS,0
nutrients,NH4,12,6,2019,6/12/19,towr,flume,21.61,CAIS,21.61
nutrients,NH4,12,6,2019,6/12/19,ws55,flume,2.85,CAIS,2.85
nutrients,NH4,12,6,2019,6/12/19,towr,upstream,4.55,CAIS,4.55
nutrients,NH4,12,6,2019,6/12/19,towr,flume,6.49,CAIS,6.49
nutrients,NH4,12,6,2019,6/12/19,towr,seep,12.09,CAIS,12.09
nutrients,NH4,12,6,2019,6/12/19,towr,seep,6.34,CAIS,6.34
nutrients,NH4,12,6,2019,6/12/19,ws55,seep,5.54,CAIS,5.54
nutrients,SRP,12,6,2019,6/12/19,towr,flume,2.34,CAIS,2.34
nutrients,SRP,12,6,2019,6/12/19,ws55,flume,3.08,CAIS,3.08
nutrients,SRP,12,6,2019,6/12/19,towr,upstream,2.59,CAIS,2.59
nutrients,SRP,12,6,2019,6/12/19,towr,flume,2.81,CAIS,2.81
nutrients,SRP,12,6,2019,6/12/19,towr,seep,1.82,CAIS,1.82
nutrients,SRP,12,6,2019,6/12/19,towr,seep,2.62,CAIS,2.62
nutrients,SRP,12,6,2019,6/12/19,ws55,seep,2.05,CAIS,2.05
nutrients,NO3,26,6,2019,6/26/19,ws55,flume,9.86,CAIS,9.86
nutrients,NO3,26,6,2019,6/26/19,towr,upstream,24.98,CAIS,24.98
nutrients,NO3,26,6,2019,6/26/19,towr,flume,17.88,CAIS,17.88
nutrients,NO3,26,6,2019,6/26/19,towr,seep,9.27,CAIS,9.27
nutrients,NO3,26,6,2019,6/26/19,ws55,seep,1.55,CAIS,1.55
nutrients,NO3,26,6,2019,6/26/19,towr,seep,7.62,CAIS,7.62
nutrients,NO3,26,6,2019,6/26/19,towr,flume,68.84,CAIS,68.84
nutrients,NH4,26,6,2019,6/26/19,ws55,flume,4.15,CAIS,4.15
nutrients,NH4,26,6,2019,6/26/19,towr,upstream,44.48,CAIS,44.48
nutrients,NH4,26,6,2019,6/26/19,towr,flume,3.06,CAIS,3.06
nutrients,NH4,26,6,2019,6/26/19,towr,seep,10.88,CAIS,10.88
nutrients,NH4,26,6,2019,6/26/19,ws55,seep,3.29,CAIS,3.29
nutrients,NH4,26,6,2019,6/26/19,towr,seep,7.08,CAIS,7.08
nutrients,NH4,26,6,2019,6/26/19,towr,flume,23.85,CAIS,23.85
nutrients,SRP,26,6,2019,6/26/19,ws55,flume,1.69,CAIS,1.69
nutrients,SRP,26,6,2019,6/26/19,towr,upstream,1.73,CAIS,1.73
nutrients,SRP,26,6,2019,6/26/19,towr,flume,2.64,CAIS,2.64
nutrients,SRP,26,6,2019,6/26/19,towr,seep,2.95,CAIS,2.95
nutrients,SRP,26,6,2019,6/26/19,ws55,seep,2.7,CAIS,2.7
nutrients,SRP,26,6,2019,6/26/19,towr,seep,3.83,CAIS,3.83
nutrients,SRP,26,6,2019,6/26/19,towr,flume,4.11,CAIS,4.11
nutrients,TN,11,7,2019,7/11/19,towr,upstream,84.49,CAIS,84.49
nutrients,TN,11,7,2019,7/11/19,towr,flume,81.11,CAIS,81.11
nutrients,TN,11,7,2019,7/11/19,towr,seep,57.85,CAIS,57.85
nutrients,TN,11,7,2019,7/11/19,ws55,seep,34.04,CAIS,34.04
nutrients,TN,11,7,2019,7/11/19,ws55,flume,76.98,CAIS,76.98
nutrients,TP,11,7,2019,7/11/19,towr,upstream,8.14,CAIS,8.14
nutrients,TP,11,7,2019,7/11/19,towr,flume,6.38,CAIS,6.38
nutrients,TP,11,7,2019,7/11/19,towr,seep,4.82,CAIS,4.82
nutrients,TP,11,7,2019,7/11/19,ws55,seep,4.98,CAIS,4.98
nutrients,TP,11,7,2019,7/11/19,ws55,flume,195.21,CAIS,195.21
nutrients,NO3,11,7,2019,7/11/19,towr,upstream,14.76,CAIS,14.76
nutrients,NO3,11,7,2019,7/11/19,towr,flume,11.26,CAIS,11.26
nutrients,NO3,11,7,2019,7/11/19,towr,seep,0,CAIS,0
nutrients,NO3,11,7,2019,7/11/19,ws55,seep,1.64,CAIS,1.64
nutrients,NO3,11,7,2019,7/11/19,ws55,flume,14.53,CAIS,14.53
nutrients,NH4,11,7,2019,7/11/19,towr,upstream,13.15,CAIS,13.15
nutrients,NH4,11,7,2019,7/11/19,towr,flume,9.41,CAIS,9.41
nutrients,NH4,11,7,2019,7/11/19,towr,seep,8.63,CAIS,8.63
nutrients,NH4,11,7,2019,7/11/19,ws55,seep,10.47,CAIS,10.47
nutrients,NH4,11,7,2019,7/11/19,ws55,flume,11,CAIS,11
nutrients,SRP,11,7,2019,7/11/19,towr,upstream,2.53,CAIS,2.53
nutrients,SRP,11,7,2019,7/11/19,towr,flume,2.38,CAIS,2.38
nutrients,SRP,11,7,2019,7/11/19,towr,seep,3.23,CAIS,3.23
nutrients,SRP,11,7,2019,7/11/19,ws55,seep,3.25,CAIS,3.25
nutrients,SRP,11,7,2019,7/11/19,ws55,flume,3.01,CAIS,3.01
nutrients,NO3,24,7,2019,7/24/19,ws55,flume,15.14,CAIS,15.14
nutrients,NO3,24,7,2019,7/24/19,towr,upstream,18.96,CAIS,18.96
nutrients,NO3,24,7,2019,7/24/19,towr,seep,4.24,CAIS,4.24
nutrients,NO3,24,7,2019,7/24/19,ws55,seep,2.59,CAIS,2.59
nutrients,NO3,24,7,2019,7/24/19,towr,flume,19.55,CAIS,19.55
nutrients,NH4,24,7,2019,7/24/19,ws55,flume,41.45,CAIS,41.45
nutrients,NH4,24,7,2019,7/24/19,towr,upstream,4.38,CAIS,4.38
nutrients,NH4,24,7,2019,7/24/19,towr,seep,4.49,CAIS,4.49
nutrients,NH4,24,7,2019,7/24/19,ws55,seep,7.19,CAIS,7.19
nutrients,NH4,24,7,2019,7/24/19,towr,flume,8.99,CAIS,8.99
nutrients,SRP,24,7,2019,7/24/19,ws55,flume,3.18,CAIS,3.18
nutrients,SRP,24,7,2019,7/24/19,towr,upstream,2.55,CAIS,2.55
nutrients,SRP,24,7,2019,7/24/19,towr,seep,1.53,CAIS,1.53
nutrients,SRP,24,7,2019,7/24/19,ws55,seep,1.86,CAIS,1.86
nutrients,SRP,24,7,2019,7/24/19,towr,flume,2.95,CAIS,2.95
nutrients,TN,7,8,2019,8/7/19,ws55,seep,45.75,CAIS,45.75
nutrients,TN,7,8,2019,8/7/19,towr,upstream,82.84,CAIS,82.84
nutrients,TN,7,8,2019,8/7/19,towr,seep,47.07,CAIS,47.07
nutrients,TN,7,8,2019,8/7/19,towr,flume,177.52,CAIS,177.52
nutrients,TN,7,8,2019,8/7/19,ws55,flume,166.84,CAIS,166.84
nutrients,TP,7,8,2019,8/7/19,ws55,seep,10.62,CAIS,10.62
nutrients,TP,7,8,2019,8/7/19,towr,upstream,8.71,CAIS,8.71
nutrients,TP,7,8,2019,8/7/19,towr,seep,5,CAIS,5
nutrients,TP,7,8,2019,8/7/19,towr,flume,90.98,CAIS,90.98
nutrients,TP,7,8,2019,8/7/19,ws55,flume,96.16,CAIS,96.16
nutrients,NO3,7,8,2019,8/7/19,ws55,seep,1.49,CAIS,1.49
nutrients,NO3,7,8,2019,8/7/19,towr,upstream,20.74,CAIS,20.74
nutrients,NO3,7,8,2019,8/7/19,towr,seep,2.08,CAIS,2.08
nutrients,NO3,7,8,2019,8/7/19,towr,flume,14.55,CAIS,14.55
nutrients,NO3,7,8,2019,8/7/19,ws55,flume,18.75,CAIS,18.75
nutrients,NH4,7,8,2019,8/7/19,ws55,seep,10.24,CAIS,10.24
nutrients,NH4,7,8,2019,8/7/19,towr,upstream,10.73,CAIS,10.73
nutrients,NH4,7,8,2019,8/7/19,towr,seep,7.78,CAIS,7.78
nutrients,NH4,7,8,2019,8/7/19,towr,flume,6.28,CAIS,6.28
nutrients,NH4,7,8,2019,8/7/19,ws55,flume,9.41,CAIS,9.41
nutrients,SRP,7,8,2019,8/7/19,ws55,seep,3.65,CAIS,3.65
nutrients,SRP,7,8,2019,8/7/19,towr,upstream,3.23,CAIS,3.23
nutrients,SRP,7,8,2019,8/7/19,towr,seep,3.04,CAIS,3.04
nutrients,SRP,7,8,2019,8/7/19,towr,flume,2.95,CAIS,2.95
nutrients,SRP,7,8,2019,8/7/19,ws55,flume,1.9,CAIS,1.9
nutrients,NO3,23,8,2019,8/23/19,towr,seep,1.23,CAIS,1.23
nutrients,NO3,23,8,2019,8/23/19,ws55,seep,2.1,CAIS,2.1
nutrients,NO3,23,8,2019,8/23/19,towr,upstream,10.84,CAIS,10.84
nutrients,NO3,23,8,2019,8/23/19,towr,flume,8.95,CAIS,8.95
nutrients,NO3,23,8,2019,8/23/19,ws55,flume,8.53,CAIS,8.53
nutrients,NH4,23,8,2019,8/23/19,towr,seep,11.13,CAIS,11.13
nutrients,NH4,23,8,2019,8/23/19,ws55,seep,7.89,CAIS,7.89
nutrients,NH4,23,8,2019,8/23/19,towr,upstream,8.65,CAIS,8.65
nutrients,NH4,23,8,2019,8/23/19,towr,flume,13.53,CAIS,13.53
nutrients,NH4,23,8,2019,8/23/19,ws55,flume,6.24,CAIS,6.24
nutrients,SRP,23,8,2019,8/23/19,towr,seep,2.79,CAIS,2.79
nutrients,SRP,23,8,2019,8/23/19,ws55,seep,1.82,CAIS,1.82
nutrients,SRP,23,8,2019,8/23/19,towr,upstream,4.55,CAIS,4.55
nutrients,SRP,23,8,2019,8/23/19,towr,flume,3.27,CAIS,3.27
nutrients,SRP,23,8,2019,8/23/19,ws55,flume,2.62,CAIS,2.62
nutrients,TN,6,9,2019,9/6/19,towr,flume,80.47,CAIS,80.47
nutrients,TN,6,9,2019,9/6/19,ws55,flume,96.34,CAIS,96.34
nutrients,TN,6,9,2019,9/6/19,towr,seep,34.76,CAIS,34.76
nutrients,TN,6,9,2019,9/6/19,towr,upstream,84.34,CAIS,84.34
nutrients,TN,6,9,2019,9/6/19,ws55,seep,104.56,CAIS,104.56
nutrients,TP,6,9,2019,9/6/19,towr,flume,11.07,CAIS,11.07
nutrients,TP,6,9,2019,9/6/19,ws55,flume,5.97,CAIS,5.97
nutrients,TP,6,9,2019,9/6/19,towr,seep,81.68,CAIS,81.68
nutrients,TP,6,9,2019,9/6/19,towr,upstream,105.27,CAIS,105.27
nutrients,TP,6,9,2019,9/6/19,ws55,seep,7.66,CAIS,7.66
nutrients,NO3,6,9,2019,9/6/19,towr,flume,14.38,CAIS,14.38
nutrients,NO3,6,9,2019,9/6/19,ws55,flume,6.79,CAIS,6.79
nutrients,NO3,6,9,2019,9/6/19,towr,seep,0,CAIS,0
nutrients,NO3,6,9,2019,9/6/19,towr,upstream,5.11,CAIS,5.11
nutrients,NO3,6,9,2019,9/6/19,ws55,seep,0,CAIS,0
nutrients,NH4,6,9,2019,9/6/19,towr,flume,0.16,CAIS,0.16
nutrients,NH4,6,9,2019,9/6/19,ws55,flume,1.29,CAIS,1.29
nutrients,NH4,6,9,2019,9/6/19,towr,seep,0.18,CAIS,0.18
nutrients,NH4,6,9,2019,9/6/19,towr,upstream,0,CAIS,0
nutrients,NH4,6,9,2019,9/6/19,ws55,seep,0,CAIS,0
nutrients,SRP,6,9,2019,9/6/19,towr,flume,2.7,CAIS,2.7
nutrients,SRP,6,9,2019,9/6/19,ws55,flume,1.75,CAIS,1.75
nutrients,SRP,6,9,2019,9/6/19,towr,seep,1.21,CAIS,1.21
nutrients,SRP,6,9,2019,9/6/19,towr,upstream,2.62,CAIS,2.62
nutrients,SRP,6,9,2019,9/6/19,ws55,seep,1.57,CAIS,1.57